date,precip_mm,temp_mean_C
2022-01-01,0.0,9.2
2022-01-02,3.3,6.5
2022-01-03,4.0,8.8
2022-01-04,14.0,7.3
2022-01-05,0.8,2.6
2022-01-06,0.0,1.0
2022-01-07,2.2,-1.2
2022-01-08,4.1,0.3
2022-01-09,1.1,2.1
2022-01-10,0.0,1.4
2022-01-11,0.0,1.6
2022-01-12,0.0,-0.9
2022-01-13,0.0,-0.1
2022-01-14,0.0,-0.7
2022-01-15,0.0,-0.1
2022-01-16,0.0,0.3
2022-01-17,0.6,2.8
2022-01-18,0.0,3.2
2022-01-19,0.3,1.9
2022-01-20,2.0,1.4
2022-01-21,0.3,-0.7
2022-01-22,0.8,2.9
2022-01-23,0.1,3.4
2022-01-24,0.0,2.4
2022-01-25,0.0,-1.4
2022-01-26,0.0,-0.6
2022-01-27,0.4,-0.2
2022-01-28,0.0,2.9
2022-01-29,0.1,3.9
2022-01-30,0.0,4.7
2022-01-31,6.4,2.4
2022-02-01,2.2,2.2
2022-02-02,0.2,4.9
2022-02-03,0.1,4.8
2022-02-04,1.2,5.6
2022-02-05,0.0,2.8
2022-02-06,11.1,4.7
2022-02-07,0.0,2.8
2022-02-08,0.1,4.2
2022-02-09,0.0,6.4
2022-02-10,0.0,4.1
2022-02-11,0.2,3.5
2022-02-12,0.0,1.0
2022-02-13,0.0,2.5
2022-02-14,3.0,5.3
2022-02-15,0.6,4.8
2022-02-16,2.7,6.5
2022-02-17,2.5,9.1
2022-02-18,0.3,9.0
2022-02-19,0.3,5.3
2022-02-20,2.5,6.8
2022-02-21,0.6,5.9
2022-02-22,1.7,5.2
2022-02-23,0.0,5.7
2022-02-24,0.6,5.5
2022-02-25,0.1,2.6
2022-02-26,0.0,2.1
2022-02-27,0.0,1.9
2022-02-28,0.0,1.4
2022-03-01,0.0,0.9
2022-03-02,0.0,0.6
2022-03-03,0.0,0.9
2022-03-04,0.0,0.6
2022-03-05,0.0,1.2
2022-03-06,0.0,0.8
2022-03-07,0.0,-0.2
2022-03-08,0.0,0.9
2022-03-09,0.0,3.2
2022-03-10,0.0,4.7
2022-03-11,0.0,3.9
2022-03-12,0.0,3.8
2022-03-13,0.0,5.9
2022-03-14,0.4,4.7
2022-03-15,7.5,5.0
2022-03-16,0.0,7.5
2022-03-17,0.0,7.5
2022-03-18,0.0,7.4
2022-03-19,0.8,4.4
2022-03-20,0.0,7.6
2022-03-21,0.0,6.0
2022-03-22,0.0,7.0
2022-03-23,0.0,7.3
2022-03-24,0.0,7.6
2022-03-25,0.0,8.3
2022-03-26,0.0,8.4
2022-03-27,0.0,10.0
2022-03-28,0.0,11.6
2022-03-29,0.2,10.4
2022-03-30,4.0,7.5
2022-03-31,2.0,5.5
2022-04-01,9.6,1.7
2022-04-02,0.5,0.1
2022-04-03,0.0,0.4
2022-04-04,0.1,2.0
2022-04-05,0.9,6.4
2022-04-06,0.1,10.5
2022-04-07,1.3,10.7
2022-04-08,22.3,5.3
2022-04-09,0.1,3.5
2022-04-10,0.0,3.9
2022-04-11,0.0,6.1
2022-04-12,0.0,11.0
2022-04-13,0.0,13.4
2022-04-14,0.1,13.5
2022-04-15,0.0,12.2
2022-04-16,0.0,8.4
2022-04-17,0.0,7.4
2022-04-18,0.0,9.0
2022-04-19,0.0,8.3
2022-04-20,0.0,8.0
2022-04-21,0.0,9.5
2022-04-22,0.0,10.9
2022-04-23,0.2,10.8
2022-04-24,11.5,8.9
2022-04-25,5.2,9.5
2022-04-26,8.1,8.7
2022-04-27,0.0,10.3
2022-04-28,0.0,10.6
2022-04-29,0.0,12.4
2022-04-30,0.5,11.8
2022-05-01,0.1,11.6
2022-05-02,0.1,13.4
2022-05-03,1.2,13.2
2022-05-04,0.5,12.9
2022-05-05,4.3,13.6
2022-05-06,0.0,13.8
2022-05-07,0.0,14.0
2022-05-08,0.0,14.8
2022-05-09,0.0,16.5
2022-05-10,0.0,17.9
2022-05-11,0.0,21.1
2022-05-12,0.0,19.5
2022-05-13,0.0,17.2
2022-05-14,0.0,15.5
2022-05-15,0.0,17.3
2022-05-16,0.2,18.0
2022-05-17,0.0,18.5
2022-05-18,0.0,19.8
2022-05-19,9.7,20.7
2022-05-20,5.2,20.7
2022-05-21,0.0,15.6
2022-05-22,0.0,16.2
2022-05-23,0.5,17.0
2022-05-24,1.8,16.5
2022-05-25,0.0,16.2
2022-05-26,0.0,16.0
2022-05-27,1.6,14.3
2022-05-28,0.0,11.5
2022-05-29,2.7,8.7
2022-05-30,0.0,11.1
2022-05-31,0.1,14.5
2022-06-01,0.0,16.6
2022-06-02,0.0,15.6
2022-06-03,12.6,18.9
2022-06-04,0.2,17.6
2022-06-05,2.8,18.1
2022-06-06,0.0,18.4
2022-06-07,0.0,17.8
2022-06-08,0.4,17.9
2022-06-09,0.0,16.3
2022-06-10,0.0,17.3
2022-06-11,0.0,19.2
2022-06-12,0.0,21.3
2022-06-13,0.0,18.5
2022-06-14,0.0,17.4
2022-06-15,0.0,21.6
2022-06-16,0.0,22.1
2022-06-17,0.0,20.4
2022-06-18,0.0,25.2
2022-06-19,0.0,28.2
2022-06-20,1.3,19.3
2022-06-21,0.0,18.0
2022-06-22,0.5,20.9
2022-06-23,1.0,23.4
2022-06-24,,20.3
2022-06-25,0.0,20.8
2022-06-26,0.5,23.5
2022-06-27,0.0,21.4
2022-06-28,0.0,21.2
2022-06-29,0.0,22.6
2022-06-30,3.5,25.0
2022-07-01,2.9,15.4
2022-07-02,0.0,18.9
2022-07-03,0.0,22.7
2022-07-04,0.0,21.7
2022-07-05,0.0,21.1
2022-07-06,0.0,19.0
2022-07-07,4.6,15.6
2022-07-08,0.0,16.5
2022-07-09,0.3,18.3
2022-07-10,0.0,15.9
2022-07-11,0.2,16.0
2022-07-12,0.0,18.5
2022-07-13,0.0,22.8
2022-07-14,0.0,23.6
2022-07-15,0.0,17.8
2022-07-16,0.0,17.7
2022-07-17,0.0,18.9
2022-07-18,0.0,22.0
2022-07-19,0.0,26.5
2022-07-20,1.5,28.3
2022-07-21,0.0,22.9
2022-07-22,1.7,23.1
2022-07-23,2.9,21.6
2022-07-24,0.0,23.7
2022-07-25,0.0,27.3
2022-07-26,0.0,22.6
2022-07-27,0.0,18.8
2022-07-28,0.0,20.9
2022-07-29,2.0,21.5
2022-07-30,0.0,18.8
2022-07-31,0.0,20.8
2022-08-01,0.0,21.5
2022-08-02,0.0,22.0
2022-08-03,0.0,25.1
2022-08-04,0.0,27.9
2022-08-05,2.4,25.7
2022-08-06,0.0,18.9
2022-08-07,0.0,19.2
2022-08-08,0.0,20.8
2022-08-09,0.0,21.6
2022-08-10,0.0,21.4
2022-08-11,0.0,22.3
2022-08-12,0.0,20.8
2022-08-13,0.0,20.8
2022-08-14,0.0,23.1
2022-08-15,0.0,22.9
2022-08-16,0.0,21.2
2022-08-17,0.4,22.8
2022-08-18,1.5,22.8
2022-08-19,21.8,18.8
2022-08-20,0.8,18.8
2022-08-21,0.0,18.5
2022-08-22,0.0,19.1
2022-08-23,0.0,19.4
2022-08-24,0.0,20.3
2022-08-25,0.0,22.2
2022-08-26,4.6,20.7
2022-08-27,47.9,19.4
2022-08-28,0.0,19.4
2022-08-29,0.0,18.6
2022-08-30,0.0,19.3
2022-08-31,0.0,17.4
2022-09-01,0.0,17.2
2022-09-02,0.0,16.6
2022-09-03,12.7,16.4
2022-09-04,0.0,18.0
2022-09-05,0.0,19.9
2022-09-06,0.0,20.7
2022-09-07,2.8,20.6
2022-09-08,3.0,17.5
2022-09-09,1.1,16.0
2022-09-10,8.9,14.9
2022-09-11,0.0,15.3
2022-09-12,0.0,14.8
2022-09-13,6.3,16.4
2022-09-14,16.3,17.4
2022-09-15,1.3,15.7
2022-09-16,2.7,12.5
2022-09-17,4.6,9.5
2022-09-18,8.7,9.5
2022-09-19,4.4,9.5
2022-09-20,2.0,9.4
2022-09-21,0.0,8.1
2022-09-22,0.0,8.6
2022-09-23,0.0,10.1
2022-09-24,5.1,12.4
2022-09-25,5.0,12.5
2022-09-26,3.3,12.1
2022-09-27,9.7,9.5
2022-09-28,0.6,9.0
2022-09-29,0.5,7.5
2022-09-30,0.0,7.5
2022-10-01,6.1,9.4
2022-10-02,11.6,11.8
2022-10-03,0.0,10.3
2022-10-04,0.0,9.3
2022-10-05,0.0,12.4
2022-10-06,0.0,12.5
2022-10-07,0.0,10.8
2022-10-08,0.0,12.2
2022-10-09,0.0,9.2
2022-10-10,1.0,11.8
2022-10-11,0.0,12.8
2022-10-12,0.0,11.4
2022-10-13,0.0,11.2
2022-10-14,11.0,13.8
2022-10-15,1.9,15.4
2022-10-16,0.0,16.5
2022-10-17,0.0,16.5
2022-10-18,1.7,14.2
2022-10-19,0.1,11.2
2022-10-20,0.1,10.4
2022-10-21,5.5,12.9
2022-10-22,0.0,13.8
2022-10-23,0.0,13.4
2022-10-24,4.9,14.4
2022-10-25,0.4,12.2
2022-10-26,0.3,12.9
2022-10-27,0.0,13.2
2022-10-28,0.0,15.3
2022-10-29,0.0,15.2
2022-10-30,0.1,14.8
2022-10-31,0.0,11.6
2022-11-01,0.0,12.2
2022-11-02,0.0,8.9
2022-11-03,0.9,8.0
2022-11-04,2.3,9.2
2022-11-05,0.0,8.1
2022-11-06,0.0,4.8
2022-11-07,0.0,10.0
2022-11-08,0.0,8.7
2022-11-09,7.9,10.5
2022-11-10,0.0,8.6
2022-11-11,0.0,6.5
2022-11-12,0.0,4.8
2022-11-13,0.0,4.3
2022-11-14,0.0,6.8
2022-11-15,2.4,8.6
2022-11-16,2.9,6.4
2022-11-17,14.8,7.8
2022-11-18,5.9,7.0
2022-11-19,6.7,0.2
2022-11-20,4.2,1.5
2022-11-21,0.0,4.2
2022-11-22,0.0,4.9
2022-11-23,1.8,4.7
2022-11-24,1.2,6.4
2022-11-25,2.1,4.1
2022-11-26,0.0,5.3
2022-11-27,0.0,1.3
2022-11-28,0.2,3.6
2022-11-29,1.0,4.3
2022-11-30,0.0,2.9
2022-12-01,0.1,3.9
2022-12-02,2.0,1.6
2022-12-03,0.0,0.9
2022-12-04,0.4,3.8
2022-12-05,0.4,3.8
2022-12-06,0.2,2.5
2022-12-07,0.1,2.2
2022-12-08,0.0,1.4
2022-12-09,0.0,-0.8
2022-12-10,0.1,-1.6
2022-12-11,0.2,-2.3
2022-12-12,0.0,-4.4
2022-12-13,0.0,-7.4
2022-12-14,2.2,-4.1
2022-12-15,1.6,-4.3
2022-12-16,0.6,-3.2
2022-12-17,0.0,-9.4
2022-12-18,0.1,-6.7
2022-12-19,0.1,-1.4
2022-12-20,2.7,2.0
2022-12-21,8.0,5.9
2022-12-22,5.9,8.4
2022-12-23,8.9,9.7
2022-12-24,0.8,9.2
2022-12-25,0.0,8.0
2022-12-26,3.8,9.1
2022-12-27,0.0,3.0
2022-12-28,0.0,4.1
2022-12-29,3.2,8.8
2022-12-30,1.7,6.6
2022-12-31,0.0,13.0
2023-01-01,0.0,11.3
2023-01-02,0.0,10.8
2023-01-03,0.0,5.7
2023-01-04,2.7,6.3
2023-01-05,1.2,9.6
2023-01-06,0.0,8.9
2023-01-07,0.0,7.0
2023-01-08,5.2,4.6
2023-01-09,0.7,5.4
2023-01-10,0.0,4.4
2023-01-11,3.1,6.3
2023-01-12,0.2,7.8
2023-01-13,2.6,8.1
2023-01-14,3.7,6.4
2023-01-15,5.1,5.5
2023-01-16,0.2,3.1
2023-01-17,0.1,1.6
2023-01-18,0.3,-0.1
2023-01-19,0.0,-1.5
2023-01-20,0.0,-0.7
2023-01-21,0.1,-1.9
2023-01-22,0.9,-0.4
2023-01-23,0.0,1.1
2023-01-24,0.0,1.9
2023-01-25,0.0,0.0
2023-01-26,0.0,-1.1
2023-01-27,0.0,-0.8
2023-01-28,0.0,-0.2
2023-01-29,0.0,-2.9
2023-01-30,0.0,0.9
2023-01-31,1.2,2.9
2023-02-01,8.6,4.4
2023-02-02,24.3,2.8
2023-02-03,1.1,6.3
2023-02-04,0.5,2.3
2023-02-05,0.0,-1.7
2023-02-06,0.0,-1.6
2023-02-07,0.0,-2.6
2023-02-08,0.0,-3.2
2023-02-09,0.0,-3.6
2023-02-10,0.0,-3.0
2023-02-11,0.0,1.8
2023-02-12,0.0,4.1
2023-02-13,0.0,1.6
2023-02-14,0.0,1.3
2023-02-15,0.0,-0.1
2023-02-16,0.0,3.9
2023-02-17,0.2,9.6
2023-02-18,0.2,10.8
2023-02-19,0.7,8.5
2023-02-20,0.0,9.0
2023-02-21,0.0,7.8
2023-02-22,0.0,7.9
2023-02-23,0.3,8.0
2023-02-24,1.9,6.6
2023-02-25,0.8,2.0
2023-02-26,0.0,-0.9
2023-02-27,0.0,-1.5
2023-02-28,0.0,0.0
2023-03-01,0.0,2.2
2023-03-02,0.0,4.7
2023-03-03,0.0,2.2
2023-03-04,0.0,0.3
2023-03-05,0.0,2.3
2023-03-06,0.0,2.3
2023-03-07,0.0,3.9
2023-03-08,33.9,4.6
2023-03-09,0.9,9.2
2023-03-10,2.4,8.2
2023-03-11,0.1,1.1
2023-03-12,0.0,3.4
2023-03-13,8.7,11.6
2023-03-14,6.6,8.1
2023-03-15,0.9,1.4
2023-03-16,0.0,1.9
2023-03-17,0.0,8.4
2023-03-18,0.0,10.4
2023-03-19,3.2,9.5
2023-03-20,0.0,9.2
2023-03-21,0.1,10.4
2023-03-22,0.0,11.3
2023-03-23,0.1,12.8
2023-03-24,5.5,11.9
2023-03-25,2.8,8.8
2023-03-26,4.9,8.0
2023-03-27,0.1,3.7
2023-03-28,0.0,3.0
2023-03-29,0.7,8.9
2023-03-30,13.2,11.7
2023-03-31,4.6,10.1
2023-04-01,1.2,9.1
2023-04-02,1.3,6.1
2023-04-03,0.0,2.8
2023-04-04,0.0,1.8
2023-04-05,0.0,2.2
2023-04-06,0.0,4.4
2023-04-07,0.0,6.3
2023-04-08,0.8,5.9
2023-04-09,0.0,8.3
2023-04-10,1.4,9.1
2023-04-11,0.1,9.1
2023-04-12,4.3,7.9
2023-04-13,0.3,7.4
2023-04-14,0.0,7.1
2023-04-15,5.3,6.4
2023-04-16,0.6,8.8
2023-04-17,0.0,9.0
2023-04-18,0.0,8.9
2023-04-19,0.0,7.1
2023-04-20,0.0,5.7
2023-04-21,0.0,12.8
2023-04-22,0.5,16.1
2023-04-23,27.0,13.6
2023-04-24,0.4,10.1
2023-04-25,0.6,8.2
2023-04-26,0.0,6.2
2023-04-27,0.0,9.5
2023-04-28,3.3,11.4
2023-04-29,0.0,12.0
2023-04-30,0.0,13.2
2023-05-01,1.5,10.4
2023-05-02,0.3,10.4
2023-05-03,0.0,11.3
2023-05-04,0.0,13.5
2023-05-05,1.2,15.1
2023-05-06,0.0,15.8
2023-05-07,0.0,16.4
2023-05-08,0.0,13.9
2023-05-09,2.6,16.3
2023-05-10,7.4,13.8
2023-05-11,15.7,11.1
2023-05-12,1.1,11.8
2023-05-13,0.0,11.2
2023-05-14,0.0,12.5
2023-05-15,0.6,13.2
2023-05-16,0.0,11.3
2023-05-17,0.0,8.9
2023-05-18,0.0,10.8
2023-05-19,0.0,13.7
2023-05-20,0.0,18.3
2023-05-21,0.0,20.4
2023-05-22,0.0,21.2
2023-05-23,0.0,16.2
2023-05-24,0.0,11.6
2023-05-25,0.0,15.0
2023-05-26,0.0,16.2
2023-05-27,0.0,16.3
2023-05-28,0.0,16.7
2023-05-29,0.0,18.1
2023-05-30,0.0,17.3
2023-05-31,0.0,17.8
2023-06-01,0.0,18.7
2023-06-02,0.0,16.0
2023-06-03,0.0,16.7
2023-06-04,0.0,17.3
2023-06-05,0.0,17.7
2023-06-06,0.0,14.9
2023-06-07,0.0,18.8
2023-06-08,57.4,17.6
2023-06-09,0.0,18.7
2023-06-10,0.0,20.0
2023-06-11,0.0,20.9
2023-06-12,0.0,19.9
2023-06-13,0.0,18.8
2023-06-14,0.0,17.6
2023-06-15,0.0,17.4
2023-06-16,0.2,16.2
2023-06-17,0.0,19.2
2023-06-18,0.0,21.0
2023-06-19,0.0,22.6
2023-06-20,5.0,24.9
2023-06-21,0.8,21.5
2023-06-22,2.6,24.7
2023-06-23,0.0,17.4
2023-06-24,0.0,19.6
2023-06-25,0.0,21.6
2023-06-26,0.0,23.6
2023-06-27,0.4,19.0
2023-06-28,0.0,18.3
2023-06-29,0.0,20.7
2023-06-30,5.0,19.7
2023-07-01,0.0,19.2
2023-07-02,0.0,19.2
2023-07-03,0.0,19.1
2023-07-04,2.9,20.0
2023-07-05,12.2,17.3
2023-07-06,0.0,18.1
2023-07-07,0.0,21.0
2023-07-08,0.0,24.1
2023-07-09,0.0,26.4
2023-07-10,0.0,25.4
2023-07-11,7.3,26.3
2023-07-12,0.0,23.8
2023-07-13,0.0,20.8
2023-07-14,0.0,21.2
2023-07-15,11.8,25.3
2023-07-16,0.5,20.6
2023-07-17,0.0,21.1
2023-07-18,0.0,20.6
2023-07-19,0.9,20.8
2023-07-20,0.0,19.8
2023-07-21,0.4,18.2
2023-07-22,0.2,18.0
2023-07-23,3.4,21.9
2023-07-24,13.8,19.3
2023-07-25,20.2,15.8
2023-07-26,5.6,13.9
2023-07-27,11.8,14.4
2023-07-28,0.8,18.7
2023-07-29,9.4,20.0
2023-07-30,0.6,18.9
2023-07-31,5.7,18.8
2023-08-01,8.7,17.2
2023-08-02,8.4,16.2
2023-08-03,0.0,18.8
2023-08-04,7.9,16.8
2023-08-05,4.6,17.3
2023-08-06,13.1,14.7
2023-08-07,1.2,12.3
2023-08-08,9.0,16.2
2023-08-09,0.9,15.3
2023-08-10,0.0,15.7
2023-08-11,0.0,20.1
2023-08-12,0.6,21.0
2023-08-13,5.4,21.2
2023-08-14,0.1,24.1
2023-08-15,0.0,24.3
2023-08-16,0.0,23.4
2023-08-17,55.8,22.4
2023-08-18,0.0,22.2
2023-08-19,0.0,24.9
2023-08-20,0.1,26.2
2023-08-21,0.0,25.3
2023-08-22,0.0,24.5
2023-08-23,0.0,21.8
2023-08-24,1.1,22.0
2023-08-25,14.1,21.5
2023-08-26,5.3,19.4
2023-08-27,8.3,16.3
2023-08-28,4.4,14.3
2023-08-29,5.6,14.1
2023-08-30,3.1,15.1
2023-08-31,4.4,15.1
2023-09-01,1.6,16.9
2023-09-02,0.0,17.8
2023-09-03,0.0,17.2
2023-09-04,0.0,17.7
2023-09-05,0.0,18.9
2023-09-06,0.0,18.6
2023-09-07,0.0,20.1
2023-09-08,0.0,19.5
2023-09-09,0.0,19.5
2023-09-10,0.0,20.8
2023-09-11,0.0,21.6
2023-09-12,0.0,22.3
2023-09-13,0.4,19.4
2023-09-14,0.0,16.0
2023-09-15,0.0,16.8
2023-09-16,0.0,18.4
2023-09-17,0.0,20.3
2023-09-18,3.7,18.2
2023-09-19,0.0,17.1
2023-09-20,0.0,17.1
2023-09-21,3.4,18.9
2023-09-22,0.6,14.2
2023-09-23,0.0,12.8
2023-09-24,0.0,11.5
2023-09-25,0.0,13.4
2023-09-26,0.0,15.2
2023-09-27,0.1,16.2
2023-09-28,0.0,16.8
2023-09-29,0.6,18.3
2023-09-30,0.0,14.6
2023-10-01,0.0,14.0
2023-10-02,0.0,17.0
2023-10-03,2.4,17.2
2023-10-04,0.0,11.9
2023-10-05,0.0,10.4
2023-10-06,0.0,11.3
2023-10-07,0.0,13.2
2023-10-08,0.0,15.8
2023-10-09,0.3,15.0
2023-10-10,0.0,15.5
2023-10-11,0.0,16.7
2023-10-12,3.6,15.3
2023-10-13,1.5,18.7
2023-10-14,3.5,14.6
2023-10-15,0.5,7.1
2023-10-16,0.0,4.0
2023-10-17,0.0,4.2
2023-10-18,3.4,6.6
2023-10-19,2.3,11.1
2023-10-20,1.4,12.9
2023-10-21,0.5,13.6
2023-10-22,0.0,10.9
2023-10-23,0.3,9.9
2023-10-24,9.2,11.2
2023-10-25,1.0,10.6
2023-10-26,3.7,11.8
2023-10-27,2.7,10.2
2023-10-28,1.3,10.8
2023-10-29,1.8,12.0
2023-10-30,4.5,12.6
2023-10-31,0.8,10.7
2023-11-01,0.0,11.7
2023-11-02,7.2,8.2
2023-11-03,0.0,6.6
2023-11-04,0.3,7.6
2023-11-05,0.3,10.6
2023-11-06,1.4,9.9
2023-11-07,1.5,7.2
2023-11-08,0.0,7.1
2023-11-09,0.5,6.6
2023-11-10,2.1,7.8
2023-11-11,1.5,5.5
2023-11-12,2.2,4.2
2023-11-13,21.4,8.5
2023-11-14,1.3,10.0
2023-11-15,1.3,9.7
2023-11-16,5.9,7.0
2023-11-17,0.0,4.4
2023-11-18,14.8,3.5
2023-11-19,2.6,9.9
2023-11-20,2.2,9.7
2023-11-21,0.4,7.3
2023-11-22,0.0,1.7
2023-11-23,1.7,3.3
2023-11-24,3.6,4.4
2023-11-25,2.3,1.4
2023-11-26,0.2,1.7
2023-11-27,12.8,2.1
2023-11-28,1.8,-0.2
2023-11-29,0.0,-0.8
2023-11-30,0.3,0.4
2023-12-01,4.6,0.1
2023-12-02,0.0,-2.9
2023-12-03,0.0,-4.7
2023-12-04,1.4,-4.6
2023-12-05,4.8,1.0
2023-12-06,1.1,1.7
2023-12-07,0.0,0.2
2023-12-08,3.9,0.4
2023-12-09,10.1,3.2
2023-12-10,0.0,7.8
2023-12-11,1.7,9.0
2023-12-12,4.2,7.3
2023-12-13,4.6,7.3
2023-12-14,1.4,5.5
2023-12-15,0.2,3.3
2023-12-16,0.0,4.0
2023-12-17,0.0,1.5
2023-12-18,0.0,0.8
2023-12-19,4.1,2.5
2023-12-20,0.5,4.7
2023-12-21,2.7,6.6
2023-12-22,7.5,5.7
2023-12-23,1.2,7.3
2023-12-24,0.9,8.8
2023-12-25,1.7,8.9
2023-12-26,0.1,8.4
2023-12-27,0.0,5.9
2023-12-28,0.3,6.2
2023-12-29,0.0,8.6
2023-12-30,0.0,7.3
2023-12-31,0.0,4.7
2024-01-01,2.9,5.6
2024-01-02,14.4,6.8
2024-01-03,11.6,8.8
2024-01-04,0.9,6.8
2024-01-05,0.0,4.6
2024-01-06,0.0,2.9
2024-01-07,0.0,0.1
2024-01-08,0.0,-4.0
2024-01-09,0.0,-3.8
2024-01-10,0.0,-3.6
2024-01-11,0.0,-5.3
2024-01-12,0.0,-3.3
2024-01-13,0.0,-2.4
2024-01-14,0.1,-2.4
2024-01-15,0.5,-1.6
2024-01-16,0.0,-2.0
2024-01-17,10.1,-0.2
2024-01-18,3.5,1.5
2024-01-19,0.0,-1.8
2024-01-20,0.0,-2.6
2024-01-21,0.0,-2.5
2024-01-22,4.3,4.4
2024-01-23,0.9,6.1
2024-01-24,0.6,9.6
2024-01-25,1.9,6.2
2024-01-26,3.1,6.7
2024-01-27,0.0,1.9
2024-01-28,0.0,1.8
2024-01-29,0.0,2.6
2024-01-30,0.0,3.3
2024-01-31,0.8,6.6
2024-02-01,1.4,6.4
2024-02-02,0.0,4.9
2024-02-03,0.0,7.1
2024-02-04,0.1,8.1
2024-02-05,0.0,7.9
2024-02-06,0.0,6.7
2024-02-07,8.0,8.1
2024-02-08,7.5,9.3
2024-02-09,7.0,10.3
2024-02-10,0.4,8.6
2024-02-11,4.9,6.5
2024-02-12,0.3,6.7
2024-02-13,0.0,4.3
2024-02-14,0.6,6.1
2024-02-15,0.0,10.1
2024-02-16,3.2,10.1
2024-02-17,0.0,10.3
2024-02-18,3.0,9.5
2024-02-19,1.3,8.1
2024-02-20,0.3,7.4
2024-02-21,2.7,8.4
2024-02-22,7.3,9.5
2024-02-23,0.0,5.8
2024-02-24,1.2,4.0
2024-02-25,0.0,4.8
2024-02-26,0.0,6.6
2024-02-27,0.0,6.7
2024-02-28,0.0,4.4
2024-02-29,0.0,4.5
2024-03-01,0.0,4.4
2024-03-02,0.0,7.8
2024-03-03,0.0,9.1
2024-03-04,0.0,5.8
2024-03-05,0.1,7.8
2024-03-06,0.0,7.2
2024-03-07,0.0,3.6
2024-03-08,0.0,4.6
2024-03-09,0.0,7.1
2024-03-10,0.4,8.7
2024-03-11,0.0,8.4
2024-03-12,0.1,5.8
2024-03-13,1.3,8.0
2024-03-14,0.0,10.7
2024-03-15,0.2,11.0
2024-03-16,0.8,9.7
2024-03-17,0.0,7.3
2024-03-18,0.0,8.1
2024-03-19,0.0,9.3
2024-03-20,0.0,9.9
2024-03-21,4.6,8.8
2024-03-22,0.2,10.1
2024-03-23,2.9,7.6
2024-03-24,2.9,4.3
2024-03-25,0.0,6.0
2024-03-26,0.0,7.6
2024-03-27,15.1,9.7
2024-03-28,0.9,6.9
2024-03-29,1.5,9.3
2024-03-30,0.0,14.6
2024-03-31,0.0,12.9
2024-04-01,0.3,10.7
2024-04-02,0.3,9.7
2024-04-03,4.7,9.8
2024-04-04,4.6,11.1
2024-04-05,0.0,15.4
2024-04-06,0.0,18.4
2024-04-07,0.0,17.7
2024-04-08,0.0,20.2
2024-04-09,1.2,13.1
2024-04-10,0.0,8.9
2024-04-11,0.0,9.8
2024-04-12,0.0,12.7
2024-04-13,0.0,15.3
2024-04-14,2.8,16.4
2024-04-15,2.2,12.0
2024-04-16,7.0,6.0
2024-04-17,1.0,5.5
2024-04-18,1.3,5.6
2024-04-19,7.1,5.1
2024-04-20,3.2,5.8
2024-04-21,2.5,3.5
2024-04-22,0.0,3.5
2024-04-23,0.0,4.5
2024-04-24,0.2,3.3
2024-04-25,1.8,4.9
2024-04-26,0.0,8.6
2024-04-27,0.0,13.2
2024-04-28,0.0,14.3
2024-04-29,0.0,15.5
2024-04-30,0.0,18.8
2024-05-01,0.0,19.6
2024-05-02,2.0,17.5
2024-05-03,0.0,12.2
2024-05-04,0.1,13.2
2024-05-05,11.8,14.0
2024-05-06,3.0,14.0
2024-05-07,0.9,11.7
2024-05-08,0.0,11.4
2024-05-09,0.0,13.0
2024-05-10,0.0,14.5
2024-05-11,0.0,15.7
2024-05-12,0.0,17.1
2024-05-13,0.0,18.3
2024-05-14,0.0,18.9
2024-05-15,0.0,19.3
2024-05-16,29.5,16.3
2024-05-17,6.0,12.2
2024-05-18,2.0,13.1
2024-05-19,0.8,15.2
2024-05-20,0.0,16.9
2024-05-21,8.6,15.8
2024-05-22,0.0,15.9
2024-05-23,13.3,16.5
2024-05-24,0.0,15.1
2024-05-25,3.6,14.4
2024-05-26,0.2,17.7
2024-05-27,0.8,17.8
2024-05-28,0.0,14.8
2024-05-29,4.9,15.1
2024-05-30,13.7,15.3
2024-05-31,15.9,14.1
2024-06-01,15.0,14.6
2024-06-02,2.1,16.6
2024-06-03,0.0,14.4
2024-06-04,0.0,16.3
2024-06-05,0.0,17.0
2024-06-06,0.3,17.9
2024-06-07,0.0,17.8
2024-06-08,0.0,19.0
2024-06-09,0.0,18.2
2024-06-10,0.1,17.2
2024-06-11,0.0,13.0
2024-06-12,0.0,14.0
2024-06-13,0.0,14.6
2024-06-14,3.8,14.5
2024-06-15,3.1,16.6
2024-06-16,0.1,17.2
2024-06-17,0.0,19.2
2024-06-18,6.2,22.4
2024-06-19,0.0,19.7
2024-06-20,0.0,19.6
2024-06-21,5.5,19.5
2024-06-22,0.0,17.8
2024-06-23,0.0,19.0
2024-06-24,0.0,20.8
2024-06-25,0.0,21.5
2024-06-26,0.0,22.4
2024-06-27,9.9,20.8
2024-06-28,4.6,22.4
2024-06-29,0.2,25.8
2024-06-30,2.8,20.8
2024-07-01,0.9,16.5
2024-07-02,7.0,14.7
2024-07-03,2.9,14.4
2024-07-04,5.2,14.9
2024-07-05,0.0,17.9
2024-07-06,1.6,19.7
2024-07-07,0.0,16.8
2024-07-08,0.0,19.5
2024-07-09,0.1,24.1
2024-07-10,4.0,21.3
2024-07-11,0.0,22.2
2024-07-12,2.0,21.9
2024-07-13,0.0,18.4
2024-07-14,0.0,19.8
2024-07-15,2.5,23.4
2024-07-16,0.0,21.1
2024-07-17,0.0,19.6
2024-07-18,0.0,20.9
2024-07-19,0.0,22.8
2024-07-20,0.2,23.2
2024-07-21,4.4,22.3
2024-07-22,1.0,22.0
2024-07-23,1.1,20.5
2024-07-24,0.0,18.8
2024-07-25,0.0,18.9
2024-07-26,0.2,20.4
2024-07-27,6.2,22.1
2024-07-28,0.0,19.5
2024-07-29,0.0,19.5
2024-07-30,0.0,22.3
2024-07-31,4.0,24.9
2024-08-01,45.7,21.3
2024-08-02,0.1,19.4
2024-08-03,0.2,20.9
2024-08-04,3.6,20.2
2024-08-05,0.0,19.6
2024-08-06,0.0,21.7
2024-08-07,7.9,21.4
2024-08-08,0.0,19.2
2024-08-09,0.0,20.7
2024-08-10,0.0,22.7
2024-08-11,0.0,22.5
2024-08-12,0.0,24.1
2024-08-13,0.0,25.2
2024-08-14,0.0,25.0
2024-08-15,0.0,23.0
2024-08-16,0.8,23.4
2024-08-17,0.0,22.8
2024-08-18,14.0,19.8
2024-08-19,0.0,17.6
2024-08-20,0.0,19.3
2024-08-21,0.0,17.8
2024-08-22,0.0,16.5
2024-08-23,0.0,19.9
2024-08-24,0.4,23.5
2024-08-25,1.6,18.5
2024-08-26,0.0,16.6
2024-08-27,0.0,19.4
2024-08-28,0.0,22.5
2024-08-29,0.0,24.2
2024-08-30,0.0,24.4
2024-08-31,0.0,23.9
2024-09-01,0.1,23.5
2024-09-02,4.7,20.0
2024-09-03,0.0,21.3
2024-09-04,0.0,22.1
2024-09-05,0.0,24.7
2024-09-06,0.0,22.7
2024-09-07,0.0,20.8
2024-09-08,12.9,19.5
2024-09-09,0.2,16.3
2024-09-10,0.4,16.0
2024-09-11,7.2,12.6
2024-09-12,0.4,10.3
2024-09-13,2.6,9.7
2024-09-14,0.5,10.8
2024-09-15,9.5,11.4
2024-09-16,10.4,11.1
2024-09-17,0.0,16.2
2024-09-18,0.0,18.3
2024-09-19,0.0,17.6
2024-09-20,0.0,16.6
2024-09-21,0.0,15.9
2024-09-22,0.0,15.6
2024-09-23,20.5,15.9
2024-09-24,0.1,15.2
2024-09-25,11.4,15.6
2024-09-26,6.9,15.2
2024-09-27,3.0,13.6
2024-09-28,1.1,10.1
2024-09-29,0.0,8.0
2024-09-30,1.7,10.1
2024-10-01,8.4,12.9
2024-10-02,11.1,11.1
2024-10-03,0.8,9.8
2024-10-04,3.4,9.8
2024-10-05,0.0,9.5
2024-10-06,0.0,7.8
2024-10-07,3.2,13.8
2024-10-08,7.4,14.6
2024-10-09,0.4,15.0
2024-10-10,3.1,14.1
2024-10-11,0.9,8.9
2024-10-12,4.3,8.8
2024-10-13,0.0,10.5
2024-10-14,11.6,6.9
2024-10-15,0.0,10.0
2024-10-16,0.0,11.3
2024-10-17,0.0,12.5
2024-10-18,1.2,12.2
2024-10-19,0.0,13.4
2024-10-20,0.0,12.6
2024-10-21,0.0,12.6
2024-10-22,1.0,12.8
2024-10-23,0.0,9.2
2024-10-24,0.0,11.7
2024-10-25,0.0,11.5
2024-10-26,0.0,10.8
2024-10-27,0.0,12.3
2024-10-28,0.0,11.9
2024-10-29,0.0,12.2
2024-10-30,0.0,10.7
2024-10-31,0.0,10.6
2024-11-01,0.0,9.5
2024-11-02,0.0,9.5
2024-11-03,0.0,7.1
2024-11-04,0.0,2.6
2024-11-05,0.0,2.9
2024-11-06,0.0,5.7
2024-11-07,0.0,6.8
2024-11-08,0.0,5.7
2024-11-09,0.0,5.1
2024-11-10,0.0,3.8
2024-11-11,5.5,4.4
2024-11-12,0.0,3.8
2024-11-13,1.2,2.5
2024-11-14,1.5,4.7
2024-11-15,0.0,6.3
2024-11-16,0.0,4.2
2024-11-17,1.4,4.7
2024-11-18,12.5,4.7
2024-11-19,9.1,8.0
2024-11-20,1.7,2.1
2024-11-21,0.0,0.4
2024-11-22,0.1,0.1
2024-11-23,0.0,3.1
2024-11-24,0.0,8.2
2024-11-25,3.0,9.6
2024-11-26,1.2,8.7
2024-11-27,0.9,6.8
2024-11-28,0.0,6.8
2024-11-29,0.0,2.9
2024-11-30,0.0,0.4
2024-12-01,0.1,-1.7
2024-12-02,7.0,1.4
2024-12-03,1.1,4.8
2024-12-04,0.7,0.3
2024-12-05,8.5,0.7
2024-12-06,2.2,5.7
2024-12-07,7.5,3.4
2024-12-08,0.0,4.1
2024-12-09,0.0,3.0
2024-12-10,0.3,2.7
2024-12-11,0.0,1.1
2024-12-12,0.0,0.5
2024-12-13,0.0,-0.3
2024-12-14,0.5,0.8
2024-12-15,1.5,2.9
2024-12-16,0.2,6.5
2024-12-17,0.0,6.4
2024-12-18,0.1,6.6
2024-12-19,2.8,7.9
2024-12-20,0.0,3.0
2024-12-21,2.7,2.6
2024-12-22,2.4,4.0
2024-12-23,0.3,1.3
2024-12-24,0.0,2.2
2024-12-25,0.0,0.8
2024-12-26,0.0,-1.1
2024-12-27,0.0,-1.9
2024-12-28,0.0,-2.3
2024-12-29,0.0,-1.7
2024-12-30,0.0,-1.7
2024-12-31,0.0,-2.9
2025-01-01,0.0,0.6
2025-01-02,13.5,2.8
2025-01-03,0.0,0.1
2025-01-04,1.9,-1.6
2025-01-05,6.5,1.6
2025-01-06,0.5,7.3
2025-01-07,1.1,4.1
2025-01-08,5.6,1.6
2025-01-09,4.2,6.3
2025-01-10,0.0,0.8
2025-01-11,0.0,-0.1
2025-01-12,0.0,-1.3
2025-01-13,0.0,-2.4
2025-01-14,0.7,-2.5
2025-01-15,0.2,0.6
2025-01-16,0.0,2.1
2025-01-17,0.0,0.0
2025-01-18,0.0,0.7
2025-01-19,0.0,1.1
2025-01-20,0.0,-0.2
2025-01-21,0.0,-0.9
2025-01-22,1.2,-0.6
2025-01-23,0.7,3.0
2025-01-24,0.0,6.0
2025-01-25,0.0,8.2
2025-01-26,2.8,5.1
2025-01-27,1.7,7.1
2025-01-28,6.5,5.7
2025-01-29,0.1,5.0
2025-01-30,1.2,3.5
2025-01-31,0.1,2.5
2025-02-01,0.0,-1.1
2025-02-02,0.0,-2.0
2025-02-03,0.0,-3.1
2025-02-04,0.0,-2.9
2025-02-05,0.0,-1.1
2025-02-06,0.0,1.7
2025-02-07,0.0,2.5
2025-02-08,0.0,0.9
2025-02-09,0.0,-0.4
2025-02-10,1.3,1.7
2025-02-11,6.9,2.1
2025-02-12,11.7,3.9
2025-02-13,0.7,2.4
2025-02-14,0.1,-0.9
2025-02-15,0.0,-1.0
2025-02-16,0.4,-1.1
2025-02-17,0.0,-2.9
2025-02-18,0.0,-3.8
2025-02-19,0.0,-2.3
2025-02-20,0.3,0.5
2025-02-21,0.0,6.7
2025-02-22,0.0,4.5
2025-02-23,0.0,7.5
2025-02-24,1.8,5.2
2025-02-25,5.4,8.0
2025-02-26,0.9,5.3
2025-02-27,3.3,2.0
2025-02-28,6.0,1.5
2025-03-01,0.0,0.2
2025-03-02,0.0,1.4
2025-03-03,0.0,1.8
2025-03-04,0.0,3.1
2025-03-05,0.0,5.0
2025-03-06,0.0,6.2
2025-03-07,0.0,6.5
2025-03-08,0.0,7.3
2025-03-09,0.0,7.0
2025-03-10,0.0,7.4
2025-03-11,0.0,9.4
2025-03-12,0.2,6.3
2025-03-13,0.0,3.6
2025-03-14,0.0,4.1
2025-03-15,0.0,4.9
2025-03-16,0.0,4.7
2025-03-17,0.0,1.1
2025-03-18,0.0,2.2
2025-03-19,0.0,5.2
2025-03-20,0.0,8.2
2025-03-21,0.0,11.9
2025-03-22,0.0,11.8
2025-03-23,0.0,11.0
2025-03-24,4.3,9.5
2025-03-25,1.2,9.4
2025-03-26,1.6,7.2
2025-03-27,0.0,8.2
2025-03-28,0.0,7.5
2025-03-29,0.0,9.8
2025-03-30,1.0,7.1
2025-03-31,0.0,6.7
2025-04-01,0.0,7.2
2025-04-02,0.0,10.6
2025-04-03,0.0,12.5
2025-04-04,0.0,11.9
2025-04-05,0.0,9.9
2025-04-06,0.0,3.5
2025-04-07,0.0,4.3
2025-04-08,0.0,6.1
2025-04-09,0.0,7.0
2025-04-10,0.0,7.2
2025-04-11,0.0,9.9
2025-04-12,0.0,12.8
2025-04-13,0.0,14.0
2025-04-14,0.2,12.7
2025-04-15,0.1,15.9
2025-04-16,0.0,17.0
2025-04-17,7.2,12.2
2025-04-18,0.0,8.4
2025-04-19,0.0,11.2
2025-04-20,3.5,13.3
2025-04-21,1.7,11.7
2025-04-22,0.0,10.9
2025-04-23,4.3,13.2
2025-04-24,3.4,11.4
2025-04-25,3.4,9.8
2025-04-26,0.0,11.9
2025-04-27,0.0,13.0
2025-04-28,0.0,13.3
2025-04-29,0.0,15.7
2025-04-30,0.0,16.2
2025-05-01,0.0,18.1
2025-05-02,0.0,19.6
2025-05-03,9.5,16.4
2025-05-04,0.0,11.6
2025-05-05,0.0,9.7
2025-05-06,0.0,10.1
2025-05-07,0.0,10.3
2025-05-08,0.0,10.8
2025-05-09,0.0,10.6
2025-05-10,0.0,12.3
2025-05-11,0.0,14.2
2025-05-12,0.0,14.2
2025-05-13,0.0,14.3
2025-05-14,0.0,14.7
2025-05-15,0.0,12.2
2025-05-16,0.3,11.2
2025-05-17,0.1,11.2
2025-05-18,0.0,12.8
2025-05-19,0.0,12.9
2025-05-20,0.0,15.1
2025-05-21,0.5,14.2
2025-05-22,0.0,11.8
2025-05-23,0.0,8.8
2025-05-24,1.3,11.1
2025-05-25,3.5,13.5
2025-05-26,0.0,15.4
2025-05-27,2.8,14.6
2025-05-28,4.2,14.3
2025-05-29,0.0,14.8
2025-05-30,0.0,20.2
2025-05-31,0.8,21.2
2025-06-01,12.8,19.9
2025-06-02,5.5,17.2
2025-06-03,0.1,18.2
2025-06-04,5.3,18.2
2025-06-05,0.8,16.9
2025-06-06,3.8,17.3
2025-06-07,7.5,16.4
2025-06-08,2.2,14.1
2025-06-09,0.0,13.1
2025-06-10,0.0,16.6
2025-06-11,0.0,17.2
2025-06-12,0.0,19.3
2025-06-13,0.0,22.4
2025-06-14,0.0,24.4
2025-06-15,3.4,22.1
2025-06-16,0.0,18.6
2025-06-17,0.0,19.0
2025-06-18,0.0,21.2
2025-06-19,0.0,21.1
2025-06-20,0.0,20.1
2025-06-21,0.0,21.2
2025-06-22,0.0,24.4
2025-06-23,0.0,23.1
2025-06-24,0.0,22.0
2025-06-25,0.0,25.2
2025-06-26,0.0,23.8
2025-06-27,0.8,20.7
2025-06-28,0.0,23.2
2025-06-29,0.0,25.3
2025-06-30,0.0,25.3
2025-07-01,0.4,26.1
2025-07-02,0.0,28.5
2025-07-03,0.0,22.0
2025-07-04,0.0,20.7
2025-07-05,0.0,21.9
2025-07-06,0.0,21.7
2025-07-07,,17.7
2025-07-08,1.0,14.2
2025-07-09,0.0,15.1
2025-07-10,0.0,19.0
2025-07-11,0.1,18.7
2025-07-12,0.4,17.7
2025-07-13,0.0,20.5
2025-07-14,4.7,19.0
2025-07-15,0.0,20.3
2025-07-16,17.0,16.6
2025-07-17,0.0,17.5
2025-07-18,0.0,20.3
2025-07-19,0.5,23.2
2025-07-20,11.5,24.7
2025-07-21,6.5,18.6
2025-07-22,3.0,17.6
2025-07-23,0.0,19.0
2025-07-24,0.0,18.0
2025-07-25,0.7,18.1
2025-07-26,1.0,17.7
2025-07-27,12.8,17.4
2025-07-28,0.0,16.7
2025-07-29,3.2,17.3
2025-07-30,6.2,16.0
2025-07-31,11.5,16.5
2025-08-01,12.1,16.5
2025-08-02,1.5,16.0
2025-08-03,0.6,15.6
2025-08-04,4.0,15.5
2025-08-05,0.1,18.7
2025-08-06,0.0,15.9
2025-08-07,0.0,17.6
2025-08-08,0.0,21.5
2025-08-09,0.0,23.8
2025-08-10,0.0,21.2
2025-08-11,0.0,20.4
2025-08-12,0.0,22.2
2025-08-13,0.0,25.1
2025-08-14,0.0,25.9
2025-08-15,0.0,26.4
2025-08-16,0.0,23.0
2025-08-17,0.0,19.5
2025-08-18,0.0,18.1
2025-08-19,0.0,19.9
2025-08-20,0.0,21.2
2025-08-21,17.1,18.6
2025-08-22,0.0,15.4
2025-08-23,0.0,13.2
2025-08-24,0.0,13.8
2025-08-25,0.0,14.5
2025-08-26,0.3,17.4
2025-08-27,0.0,22.4
2025-08-28,12.8,18.6
2025-08-29,0.5,18.0
2025-08-30,0.2,16.6
2025-08-31,0.0,17.3
2025-09-01,1.2,16.6
2025-09-02,12.4,15.8
2025-09-03,1.6,17.5
2025-09-04,21.0,19.2
2025-09-05,0.3,15.8
2025-09-06,0.0,14.7
2025-09-07,0.0,16.2
2025-09-08,0.0,16.5
2025-09-09,6.0,14.9
2025-09-10,0.6,13.2
2025-09-11,3.2,13.8
2025-09-12,0.1,14.1
2025-09-13,3.1,15.4
2025-09-14,4.6,14.6
2025-09-15,1.8,18.1
2025-09-16,0.0,14.8
2025-09-17,0.0,14.3
2025-09-18,0.0,18.0
2025-09-19,0.0,17.9
2025-09-20,0.0,19.8
2025-09-21,16.9,18.9
2025-09-22,33.7,10.7
2025-09-23,0.0,11.7
2025-09-24,33.8,11.0
2025-09-25,2.4,10.2
2025-09-26,0.0,12.1
2025-09-27,0.0,12.9
2025-09-28,0.0,11.0
2025-09-29,2.8,12.3
2025-09-30,1.6,10.5
2025-10-01,0.0,8.2
2025-10-02,0.0,6.7
2025-10-03,0.4,6.9
2025-10-04,3.4,10.4
2025-10-05,1.2,9.9
2025-10-06,1.3,9.9
2025-10-07,0.0,11.9
2025-10-08,0.1,13.5
2025-10-09,0.1,12.4
2025-10-10,0.0,10.3
2025-10-11,0.0,12.1
2025-10-12,0.0,11.1
2025-10-13,0.1,10.6
2025-10-14,0.0,7.4
2025-10-15,0.0,10.0
2025-10-16,0.0,7.7
2025-10-17,0.0,10.1
2025-10-18,0.0,7.8
2025-10-19,0.0,5.7
2025-10-20,1.0,9.9
2025-10-21,1.9,13.1
2025-10-22,3.3,13.5
2025-10-23,12.2,12.1
2025-10-24,3.4,8.0
2025-10-25,3.7,8.5
2025-10-26,2.7,7.0
2025-10-27,5.8,7.0
2025-10-28,0.1,9.9
2025-10-29,1.2,10.4
2025-10-30,0.2,9.5
2025-10-31,0.0,7.0
2025-11-01,7.2,11.2
2025-11-02,6.6,10.6
2025-11-03,0.0,7.9
2025-11-04,0.0,8.1
2025-11-05,0.0,6.6
2025-11-06,0.0,4.6
2025-11-07,0.0,4.4
2025-11-08,0.7,4.1
2025-11-09,1.1,6.4
2025-11-10,0.0,8.0
2025-11-11,0.0,7.8
2025-11-12,0.0,6.8
2025-11-13,0.0,8.2
2025-11-14,0.0,8.3
2025-11-15,0.0,9.5
2025-11-16,1.0,9.2
2025-11-17,2.3,5.1
2025-11-18,0.0,-0.9
2025-11-19,0.8,0.6
2025-11-20,0.0,1.1
2025-11-21,0.0,-2.8
2025-11-22,0.0,-5.7
2025-11-23,3.3,-5.2
2025-11-24,0.6,1.9
2025-11-25,1.9,2.4
2025-11-26,0.2,1.5
2025-11-27,0.0,1.0
2025-11-28,2.1,2.0
2025-11-29,0.8,3.9
2025-11-30,1.7,3.2
2025-12-01,0.0,3.2
2025-12-02,0.0,3.7
2025-12-03,0.0,0.7
2025-12-04,0.0,0.5
2025-12-05,0.1,1.7
2025-12-06,2.0,3.7
2025-12-07,11.2,7.2
2025-12-08,0.0,11.8
2025-12-09,0.0,8.4
2025-12-10,0.4,6.4
2025-12-11,0.0,7.6
2025-12-12,0.0,5.8
2025-12-13,0.0,4.1
2025-12-14,0.0,4.0
2025-12-15,0.0,1.1
2025-12-16,0.0,0.5
2025-12-17,0.0,1.4
2025-12-18,0.0,2.2
2025-12-19,0.2,3.3
2025-12-20,0.0,4.8
2025-12-21,0.0,1.6
2025-12-22,0.0,2.8
2025-12-23,0.0,3.5
2025-12-24,0.0,0.8
2025-12-25,0.0,-0.6
2025-12-26,0.0,-1.0
2025-12-27,0.0,-2.1
2025-12-28,0.0,-2.8
2025-12-29,0.2,-4.3
2025-12-30,0.0,-1.7
2025-12-31,0.0,-3.9
2026-01-01,0.1,0.3
2026-01-02,4.2,0.2
2026-01-03,0.0,-1.3
2026-01-04,0.0,-1.8
2026-01-05,0.0,-4.5
2026-01-06,0.0,-7.0
2026-01-07,0.8,-5.3
2026-01-08,7.2,-2.1
2026-01-09,1.7,3.6
2026-01-10,1.7,-0.6
2026-01-11,0.0,-6.9
2026-01-12,3.5,-1.7
2026-01-13,0.1,4.3
2026-01-14,1.3,4.2
2026-01-15,1.8,4.9
2026-01-16,0.0,3.1
2026-01-17,0.0,0.8
2026-01-18,0.0,1.9
2026-01-19,0.0,1.1
2026-01-20,0.0,-1.8
2026-01-21,0.0,-3.9
2026-01-22,0.0,-7.0
2026-01-23,0.0,-4.5
2026-01-24,0.0,-4.6
2026-01-25,16.3,-1.4
2026-01-26,13.0,-0.7
2026-01-27,0.7,0.8
2026-01-28,3.1,2.1
2026-01-29,1.5,0.5
2026-01-30,0.0,0.8
2026-01-31,0.0,1.4
2026-02-01,0.0,1.5
2026-02-02,0.0,0.4
2026-02-03,0.2,0.4
2026-02-04,0.0,0.9
2026-02-05,0.0,1.7
2026-02-06,1.0,1.6
2026-02-07,0.0,4.2
2026-02-08,0.0,3.6
2026-02-09,0.0,3.7
2026-02-10,2.9,3.2
2026-02-11,14.6,7.2
2026-02-12,8.3,7.0
2026-02-13,0.0,6.2
2026-02-14,0.0,2.6
2026-02-15,2.4,-0.4
2026-02-16,12.6,2.7
2026-02-17,1.5,2.6
2026-02-18,0.5,1.9
2026-02-19,6.6,0.3
2026-02-20,0.4,0.5
2026-02-21,2.9,6.0
2026-02-22,4.8,9.4
2026-02-23,4.1,9.4
2026-02-24,0.0,7.6
2026-02-25,0.0,5.6
2026-02-26,0.0,7.5
2026-02-27,0.0,9.0
2026-02-28,0.2,9.6
2026-03-01,0.0,7.7
2026-03-02,0.0,5.5
2026-03-03,0.0,5.8
2026-03-04,0.0,6.3
2026-03-05,0.0,7.5
2026-03-06,0.0,8.3
2026-03-07,0.0,7.2
2026-03-08,0.0,7.7
2026-03-09,0.0,8.4
2026-03-10,0.4,9.5
2026-03-11,5.7,10.0
2026-03-12,0.0,8.1
2026-03-13,0.0,8.2
2026-03-14,0.6,7.2
2026-03-15,0.0,5.4
2026-03-16,2.7,3.5
2026-03-17,0.0,3.5
2026-03-18,0.0,6.8
2026-03-19,0.0,7.0
2026-03-20,0.0,6.8
2026-03-21,17.3,6.5
2026-03-22,0.0,7.9
2026-03-23,0.0,6.7
2026-03-24,0.0,8.0
2026-03-25,3.3,6.8
2026-03-26,0.4,3.4
2026-03-27,0.0,1.8
2026-03-28,1.6,1.7
2026-03-29,0.2,4.5
2026-03-30,2.3,3.9
2026-03-31,2.1,4.4
2026-04-01,0.0,4.2
2026-04-02,0.0,4.5
2026-04-03,0.2,7.3
2026-04-04,0.0,11.6
2026-04-05,0.0,14.2
2026-04-06,0.0,9.6
2026-04-07,0.0,8.8
2026-04-08,0.0,9.2
2026-04-09,3.0,9.7
2026-04-10,0.7,8.2
2026-04-11,0.7,10.3
2026-04-12,3.2,8.9
2026-04-13,2.6,9.7
2026-04-14,0.3,8.7
2026-04-15,0.0,9.7
2026-04-16,0.0,13.7
2026-04-17,0.0,14.2
2026-04-18,3.8,15.1
2026-04-19,1.3,10.3
2026-04-20,0.0,7.1
2026-04-21,0.6,7.6
2026-04-22,0.0,8.2
2026-04-23,0.0,9.3
2026-04-24,0.0,11.2
2026-04-25,0.0,12.2
2026-04-26,0.0,9.9
2026-04-27,0.0,10.6
2026-04-28,0.0,13.8
2026-04-29,0.0,11.9
2026-04-30,0.0,10.2
2026-05-01,0.0,13.8
2026-05-02,0.0,16.4
2026-05-03,0.0,17.7
2026-05-04,0.0,17.5
2026-05-05,3.1,16.5
2026-05-06,5.4,13.6
2026-05-07,2.7,10.6
2026-05-08,0.0,12.1
2026-05-09,0.0,13.8
2026-05-10,0.5,17.3
2026-05-11,3.3,12.9
2026-05-12,0.0,6.9
2026-05-13,1.5,9.7
2026-05-14,0.2,9.3
2026-05-15,0.2,8.0
2026-05-16,0.2,7.5
2026-05-17,0.0,10.0
2026-05-18,0.2,12.2
2026-05-19,0.4,13.7
2026-05-20,0.8,14.3
2026-05-21,0.0,16.2
2026-05-22,0.0,18.3
2026-05-23,0.0,20.9
2026-05-24,0.0,22.2
2026-05-25,0.0,22.0
2026-05-26,0.0,22.7
2026-05-27,0.0,21.7
2026-05-28,0.0,18.0
2026-05-29,0.0,19.0
2026-05-30,0.5,22.0
2026-05-31,5.1,19.7
2026-06-01,0.0,17.9
2026-06-02,5.2,18.5
2026-06-03,0.6,16.0
2026-06-04,4.0,16.8
2026-06-05,6.3,14.3
2026-06-06,6.3,16.5
2026-06-07,0.0,17.6
2026-06-08,2.7,19.0
2026-06-09,1.8,16.4
2026-06-10,8.1,12.7
2026-06-11,2.6,13.0
2026-06-12,1.9,14.2
2026-06-13,0.0,19.7
2026-06-14,0.0,15.2
2026-06-15,0.0,14.0
2026-06-16,0.0,16.6
2026-06-17,0.0,20.8
2026-06-18,0.0,24.9
2026-06-19,0.0,27.7
2026-06-20,0.0,27.2
2026-06-21,3.7,24.3
2026-06-22,1.8,23.7
2026-06-23,0.0,25.3
2026-06-24,0.0,26.3
2026-06-25,0.0,27.7
2026-06-26,0.0,29.7
2026-06-27,0.0,30.0
2026-06-28,39.5,28.9
2026-06-29,0.0,24.2
2026-06-30,3.7,23.4
2026-07-01,0.3,19.7
2026-07-02,1.7,21.0
